"board_time";"server_time";"steering";"odometer_speed";"tie";"fixpoint_hall";"fixpoint_odometer_steps";"fixpoint_tie_steps";"fixpoint_time";"wifi";"battery"
"88685972283963";"1705499622103";"2827.0";"274.0";"148.0";"0.0";"1928";"986";"25905";"-54.0";"3790"
"88685972283863";"1705499622095";"2824.0";"274.0";"111.0";"0.0";"1921";"982";"25805";"-56.0";"3798"
"88685972283763";"1705499621880";"2823.0";"314.0";"148.0";"0.0";"1914";"979";"25705";"-56.0";"3792"
"88685972283663";"1705499621781";"2822.0";"274.0";"148.0";"0.0";"1906";"975";"25605";"-55.0";"3787"
"88685972283563";"1705499621730";"2811.0";"274.0";"148.0";"0.0";"1899";"971";"25505";"-58.0";"3788"
"88685972283463";"1705499621686";"2814.0";"314.0";"148.0";"0.0";"1892";"967";"25405";"-56.0";"3802"
"88685972283363";"1705499621478";"2812.0";"314.0";"148.0";"0.0";"1884";"963";"25305";"-54.0";"3789"
"88685972283263";"1705499621386";"2830.0";"314.0";"148.0";"0.0";"1876";"959";"25205";"-54.0";"3801"
"88685972283163";"1705499621379";"2832.0";"314.0";"148.0";"0.0";"1868";"955";"25105";"-54.0";"3803"
"88685972283063";"1705499621181";"2863.0";"314.0";"148.0";"0.0";"1860";"951";"25005";"-52.0";"3797"
"88685972282963";"1705499621174";"2873.0";"274.0";"148.0";"0.0";"1852";"947";"24905";"-51.0";"3798"
"88685972282863";"1705499620978";"2866.0";"274.0";"148.0";"0.0";"1845";"943";"24805";"-52.0";"3805"
"88685972282763";"1705499620878";"2842.0";"314.0";"74.0";"0.0";"1838";"939";"24705";"-52.0";"3801"
"88685972282663";"1705499620867";"2791.0";"274.0";"74.0";"0.0";"1830";"937";"24605";"-52.0";"3806"
"88685972282563";"1705499620671";"3801.0";"274.0";"148.0";"0.0";"1823";"935";"24505";"-52.0";"2739"
"88685972282463";"1705499620577";"2751.0";"314.0";"185.0";"0.0";"1816";"931";"24405";"-49.0";"3801"
"88685972282363";"1705499620477";"2710.0";"314.0";"148.0";"0.0";"1808";"926";"24305";"-49.0";"3784"
"88685972282263";"1705499620457";"2711.0";"314.0";"148.0";"0.0";"1800";"922";"24205";"-51.0";"3803"
"88685972282163";"1705499620277";"2733.0";"274.0";"37.0";"0.0";"1792";"918";"24105";"-50.0";"3805"
"88685972282063";"1705499620178";"2731.0";"314.0";"74.0";"0.0";"1785";"917";"24005";"-50.0";"3787"
"88685972281963";"1705499620150";"2717.0";"274.0";"74.0";"0.0";"1777";"915";"23905";"-50.0";"3789"
"88685972281863";"1705499619978";"2734.0";"314.0";"148.0";"0.0";"1770";"913";"23805";"-49.0";"3787"
"88685972281763";"1705499619945";"2750.0";"314.0";"148.0";"0.0";"1762";"909";"23705";"-51.0";"3802"
"88685972281663";"1705499619778";"2747.0";"274.0";"148.0";"0.0";"1754";"905";"23605";"-53.0";"3790"
"88685972281563";"1705499619740";"3785.0";"274.0";"111.0";"0.0";"1747";"901";"23505";"-54.0";"2740"
"88685972281463";"1705499619571";"2749.0";"314.0";"148.0";"0.0";"1740";"898";"23405";"-51.0";"2749"
"88685972281363";"1705499619535";"2768.0";"274.0";"148.0";"0.0";"1732";"894";"23305";"-51.0";"3800"
"88685972281263";"1705499619377";"2792.0";"274.0";"148.0";"0.0";"1725";"890";"23205";"-51.0";"3802"
"88685972281163";"1705499619277";"2744.0";"314.0";"148.0";"0.0";"1718";"886";"23105";"-53.0";"3797"
"88685972281063";"1705499619179";"2732.0";"314.0";"111.0";"0.0";"1710";"882";"23005";"-55.0";"3780"
"88685972280962";"1705499619126";"2749.0";"274.0";"37.0";"0.0";"1702";"879";"22904";"-56.0";"3803"
"88685972280862";"1705499618977";"2757.0";"314.0";"111.0";"0.0";"1695";"878";"22804";"-53.0";"3797"
"88685972280762";"1705499618877";"2786.0";"314.0";"148.0";"0.0";"1687";"875";"22704";"-53.0";"3790"
"88685972280662";"1705499618777";"2784.0";"314.0";"148.0";"0.0";"1679";"871";"22604";"-52.0";"3806"
"88685972280562";"1705499618723";"2846.0";"274.0";"148.0";"0.0";"1671";"867";"22504";"-52.0";"3799"
"88685972280462";"1705499618716";"2820.0";"353.0";"148.0";"0.0";"1664";"863";"22404";"-54.0";"3802"
"88685972280362";"1705499618477";"2774.0";"314.0";"148.0";"0.0";"1655";"859";"22304";"-53.0";"3800"
"88685972280262";"1705499618409";"2745.0";"314.0";"148.0";"0.0";"1647";"855";"22204";"-52.0";"3805"
"88685972280162";"1705499618277";"2757.0";"274.0";"148.0";"0.0";"1639";"851";"22104";"-52.0";"3801"
"88685972280062";"1705499618204";"2713.0";"314.0";"148.0";"0.0";"1632";"847";"22004";"-53.0";"3804"
"88685972279962";"1705499618077";"2717.0";"274.0";"148.0";"0.0";"1624";"843";"21904";"-53.0";"3797"
"88685972279862";"1705499617977";"2684.0";"353.0";"148.0";"0.0";"1617";"839";"21804";"-52.0";"3803"
"88685972279762";"1705499617879";"2668.0";"274.0";"148.0";"0.0";"1608";"835";"21704";"-51.0";"3798"
"88685972279662";"1705499617779";"2736.0";"353.0";"148.0";"0.0";"1601";"831";"21604";"-50.0";"3794"
"88685972279562";"1705499617692";"2759.0";"314.0";"148.0";"0.0";"1592";"827";"21504";"-51.0";"3801"
"88685972279462";"1705499617577";"2898.0";"314.0";"148.0";"0.0";"1584";"823";"21404";"-52.0";"3795"
"88685972279362";"1705499617478";"3065.0";"274.0";"148.0";"0.0";"1576";"819";"21304";"-56.0";"3786"
"88685972279262";"1705499617405";"3167.0";"314.0";"148.0";"0.0";"1569";"815";"21204";"-56.0";"3800"
"88685972279162";"1705499617385";"3225.0";"274.0";"148.0";"0.0";"1561";"811";"21104";"-56.0";"3801"
"88685972279062";"1705499617179";"3246.0";"274.0";"148.0";"0.0";"1554";"807";"21004";"-56.0";"3799"
"88685972278962";"1705499617099";"3235.0";"274.0";"111.0";"0.0";"1547";"803";"20904";"-57.0";"3790"
"88685972278862";"1705499617092";"3218.0";"314.0";"148.0";"0.0";"1540";"800";"20804";"-62.0";"3774"
"88685972278762";"1705499617078";"3223.0";"274.0";"148.0";"0.0";"1532";"796";"20704";"-61.0";"3784"
"88685972278462";"1705499616583";"3227.0";"274.0";"111.0";"0.0";"1510";"784";"20404";"-53.0";"3793"
"88685972278362";"1705499616566";"3224.0";"314.0";"148.0";"0.0";"1503";"781";"20304";"-54.0";"3804"
"88685972278262";"1705499616377";"3234.0";"274.0";"148.0";"0.0";"1495";"777";"20204";"-53.0";"3788"
"88685972278162";"1705499616277";"3241.0";"274.0";"148.0";"0.0";"1488";"773";"20104";"-53.0";"3800"
"88685972278062";"1705499616177";"3251.0";"314.0";"148.0";"0.0";"1481";"769";"20004";"-52.0";"3792"
"88685972277962";"1705499616156";"3244.0";"274.0";"148.0";"0.0";"1473";"765";"19904";"-53.0";"3799"
"88685972277862";"1705499615977";"3241.0";"274.0";"148.0";"0.0";"1466";"761";"19804";"-57.0";"3793"
"88685972277762";"1705499615879";"3222.0";"274.0";"148.0";"0.0";"1459";"757";"19704";"-57.0";"3787"
"88685972277662";"1705499615782";"3203.0";"314.0";"148.0";"0.0";"1452";"753";"19604";"-60.0";"3786"
"88685972277562";"1705499615687";"3219.0";"274.0";"148.0";"0.0";"1444";"749";"19504";"-62.0";"3786"
"88685972277462";"1705499615644";"3214.0";"274.0";"148.0";"0.0";"1437";"745";"19404";"-59.0";"3802"
"88685972277362";"1705499615477";"3222.0";"314.0";"111.0";"0.0";"1430";"741";"19304";"-57.0";"3807"
"88685972277262";"1705499615377";"3228.0";"274.0";"148.0";"0.0";"1422";"738";"19204";"-56.0";"3799"
"88685972277162";"1705499615278";"3229.0";"274.0";"148.0";"0.0";"1415";"734";"19104";"-57.0";"3795"
"88685972277062";"1705499615180";"3247.0";"274.0";"111.0";"0.0";"1408";"730";"19004";"-59.0";"3789"
"88685972276962";"1705499615088";"3786.0";"274.0";"148.0";"0.0";"1401";"727";"18904";"-62.0";"3254"
"88685972276862";"1705499615081";"3285.0";"274.0";"148.0";"0.0";"1394";"723";"18804";"-62.0";"3285"
"88685972276762";"1705499615030";"3292.0";"314.0";"148.0";"0.0";"1387";"719";"18704";"-61.0";"3787"
"88685972276562";"1705499614723";"3282.0";"274.0";"148.0";"0.0";"1371";"711";"18504";"-60.0";"3786"
"88685972276462";"1705499614586";"3268.0";"314.0";"148.0";"0.0";"1364";"707";"18404";"-59.0";"3785"
"88685972276362";"1705499614487";"3262.0";"314.0";"148.0";"0.0";"1356";"703";"18304";"-58.0";"3784"
"88685972276262";"1705499614388";"3235.0";"274.0";"148.0";"0.0";"1348";"699";"18204";"-59.0";"3788"
"88685972276162";"1705499614290";"3246.0";"274.0";"148.0";"0.0";"1341";"695";"18104";"-58.0";"3787"
"88685972276062";"1705499614211";"3227.0";"314.0";"148.0";"0.0";"1334";"691";"18004";"-57.0";"3805"
"88685972275962";"1705499614074";"3788.0";"274.0";"148.0";"0.0";"1326";"687";"17904";"-58.0";"3225"
"88685972275862";"1705499613990";"3214.0";"274.0";"148.0";"0.0";"1319";"683";"17804";"-59.0";"3788"
"88685972275761";"1705499613918";"3191.0";"314.0";"148.0";"0.0";"1312";"679";"17703";"-60.0";"3784"
"88685972275661";"1705499613911";"3183.0";"274.0";"148.0";"0.0";"1304";"675";"17603";"-60.0";"3788"
"88685972275561";"1705499613904";"3141.0";"274.0";"148.0";"0.0";"1297";"671";"17503";"-62.0";"3788"
"88685972275361";"1705499613488";"3117.0";"274.0";"148.0";"0.0";"1283";"663";"17303";"-60.0";"3792"
"88685972275261";"1705499613452";"3141.0";"314.0";"148.0";"0.0";"1276";"659";"17203";"-58.0";"3789"
"88685972275161";"1705499613391";"3182.0";"274.0";"111.0";"0.0";"1268";"655";"17103";"-57.0";"3786"
"88685972275061";"1705499613181";"3194.0";"274.0";"111.0";"0.0";"1261";"652";"17003";"-56.0";"3795"
"88685972274961";"1705499613091";"3215.0";"314.0";"148.0";"0.0";"1254";"649";"16903";"-56.0";"3800"
"88685972274861";"1705499613084";"3207.0";"274.0";"148.0";"0.0";"1246";"645";"16803";"-55.0";"3804"
"88685972274761";"1705499612876";"3206.0";"274.0";"148.0";"0.0";"1239";"641";"16703";"-55.0";"3788"
"88685972274661";"1705499612783";"3196.0";"274.0";"148.0";"0.0";"1232";"637";"16603";"-56.0";"3796"
"88685972274561";"1705499612777";"3193.0";"274.0";"148.0";"0.0";"1225";"633";"16503";"-56.0";"3792"
"88685972274461";"1705499612578";"3201.0";"314.0";"148.0";"0.0";"1218";"629";"16403";"-56.0";"3790"
"88685972274361";"1705499612481";"3198.0";"274.0";"148.0";"0.0";"1210";"625";"16303";"-56.0";"3791"
"88685972274261";"1705499612470";"3219.0";"314.0";"148.0";"0.0";"1203";"621";"16203";"-55.0";"3791"
"88685972274161";"1705499612281";"3220.0";"274.0";"148.0";"0.0";"1195";"617";"16103";"-56.0";"3791"
"88685972274061";"1705499612265";"3232.0";"314.0";"148.0";"0.0";"1188";"613";"16003";"-57.0";"3804"
"88685972273961";"1705499612077";"3227.0";"274.0";"148.0";"0.0";"1180";"609";"15903";"-58.0";"3788"
"88685972273861";"1705499612060";"3235.0";"274.0";"111.0";"0.0";"1173";"605";"15803";"-56.0";"3794"
"88685972273761";"1705499611880";"3235.0";"314.0";"148.0";"0.0";"1166";"602";"15703";"-53.0";"3785"
"88685972273661";"1705499611856";"3229.0";"274.0";"111.0";"0.0";"1158";"598";"15603";"-51.0";"3803"
"88685972273561";"1705499611712";"3235.0";"274.0";"148.0";"0.0";"1151";"595";"15503";"-51.0";"3806"
"88685972273461";"1705499611651";"3791.0";"274.0";"148.0";"0.0";"1144";"591";"15403";"-49.0";"3232"
"88685972273361";"1705499611468";"3233.0";"274.0";"148.0";"0.0";"1137";"587";"15303";"-49.0";"3233"
"88685972273261";"1705499611461";"3225.0";"274.0";"148.0";"0.0";"1130";"583";"15203";"-49.0";"3796"
"88685972273161";"1705499611455";"3234.0";"274.0";"148.0";"0.0";"1123";"579";"15103";"-49.0";"3804"
"88685972273061";"1705499611446";"3241.0";"314.0";"148.0";"0.0";"1116";"575";"15003";"-50.0";"3809"
"88685972272961";"1705499611077";"3230.0";"274.0";"148.0";"0.0";"1108";"571";"14903";"-51.0";"3784"
"88685972272861";"1705499610985";"3248.0";"274.0";"148.0";"0.0";"1101";"567";"14803";"-51.0";"3795"
"88685972272761";"1705499610934";"3251.0";"274.0";"111.0";"0.0";"1094";"563";"14703";"-52.0";"3810"
"88685972272661";"1705499610766";"3784.0";"274.0";"148.0";"0.0";"1087";"560";"14603";"-50.0";"3242"
"88685972272561";"1705499610681";"3251.0";"314.0";"148.0";"0.0";"1080";"556";"14503";"-51.0";"3784"
"88685972272461";"1705499610584";"3255.0";"274.0";"148.0";"0.0";"1072";"552";"14403";"-54.0";"3787"
"88685972272361";"1705499610524";"3268.0";"314.0";"148.0";"0.0";"1065";"548";"14303";"-55.0";"3805"
"88685972272261";"1705499610375";"3278.0";"274.0";"148.0";"0.0";"1057";"544";"14203";"-55.0";"3789"
"88685972272161";"1705499610319";"3286.0";"314.0";"148.0";"0.0";"1050";"540";"14103";"-53.0";"3802"
"88685972272061";"1705499610175";"3280.0";"274.0";"111.0";"0.0";"1042";"536";"14003";"-53.0";"3795"
"88685972271961";"1705499610075";"3275.0";"274.0";"148.0";"0.0";"1035";"533";"13903";"-55.0";"3805"
"88685972271861";"1705499610012";"3284.0";"274.0";"148.0";"0.0";"1028";"529";"13803";"-56.0";"3808"
"88685972271761";"1705499609866";"3790.0";"314.0";"148.0";"0.0";"1021";"525";"13703";"-57.0";"3259"
"88685972271661";"1705499609769";"3247.0";"274.0";"148.0";"0.0";"1013";"521";"13603";"-55.0";"3247"
"88685972271561";"1705499609675";"3247.0";"274.0";"148.0";"0.0";"1006";"517";"13503";"-54.0";"3788"
"88685972271461";"1705499609577";"3191.0";"274.0";"148.0";"0.0";"999";"513";"13403";"-55.0";"3802"
"88685972271361";"1705499609477";"3107.0";"314.0";"148.0";"0.0";"992";"509";"13303";"-56.0";"3794"
"88685972271261";"1705499609378";"2985.0";"274.0";"148.0";"0.0";"984";"505";"13203";"-56.0";"3788"
"88685972271161";"1705499609282";"2876.0";"274.0";"148.0";"0.0";"977";"501";"13103";"-55.0";"3802"
"88685972271061";"1705499609258";"2795.0";"274.0";"111.0";"0.0";"970";"497";"13003";"-55.0";"3788"
"88685972270961";"1705499609195";"2783.0";"274.0";"111.0";"0.0";"963";"494";"12903";"-55.0";"3799"
"88685972270861";"1705499608977";"2774.0";"314.0";"148.0";"0.0";"956";"491";"12803";"-56.0";"3794"
"88685972270760";"1705499608879";"2788.0";"314.0";"148.0";"0.0";"948";"487";"12702";"-57.0";"3793"
"88685972270660";"1705499608791";"2798.0";"314.0";"148.0";"0.0";"940";"483";"12602";"-55.0";"3790"
"88685972270560";"1705499608784";"2806.0";"314.0";"148.0";"0.0";"932";"479";"12502";"-51.0";"3786"
"88685972270460";"1705499608577";"2803.0";"314.0";"148.0";"0.0";"924";"475";"12402";"-49.0";"3792"
"88685972270360";"1705499608476";"2804.0";"274.0";"148.0";"0.0";"916";"471";"12302";"-48.0";"3790"
"88685972270260";"1705499608382";"2816.0";"274.0";"148.0";"0.0";"909";"467";"12202";"-49.0";"3789"
"88685972270160";"1705499608375";"2808.0";"314.0";"148.0";"0.0";"902";"463";"12102";"-49.0";"3787"
"88685972270060";"1705499608183";"2813.0";"274.0";"148.0";"0.0";"894";"459";"12002";"-48.0";"3788"
"88685972269960";"1705499608176";"2808.0";"274.0";"111.0";"0.0";"887";"455";"11902";"-47.0";"3807"
"88685972269860";"1705499608169";"2805.0";"314.0";"148.0";"0.0";"880";"452";"11802";"-49.0";"3798"
"88685972269760";"1705499607875";"2808.0";"314.0";"111.0";"0.0";"872";"448";"11702";"-51.0";"3788"
"88685972269660";"1705499607780";"2798.0";"274.0";"148.0";"0.0";"864";"445";"11602";"-47.0";"3786"
"88685972269560";"1705499607690";"2808.0";"314.0";"148.0";"0.0";"857";"441";"11502";"-46.0";"3789"
"88685972269460";"1705499607657";"2796.0";"274.0";"148.0";"0.0";"849";"437";"11402";"-46.0";"3805"
"88685972269360";"1705499607476";"2805.0";"314.0";"148.0";"0.0";"842";"433";"11302";"-46.0";"3800"
"88685972269260";"1705499607376";"2809.0";"274.0";"148.0";"0.0";"834";"429";"11202";"-46.0";"3790"
"88685972269160";"1705499607350";"2808.0";"274.0";"111.0";"0.0";"827";"425";"11102";"-46.0";"3798"
"88685972269060";"1705499607175";"2819.0";"314.0";"148.0";"0.0";"820";"422";"11002";"-45.0";"3791"
"88685972268960";"1705499607075";"2807.0";"274.0";"111.0";"0.0";"812";"418";"10902";"-45.0";"3795"
"88685972268860";"1705499607042";"2819.0";"314.0";"148.0";"0.0";"805";"415";"10802";"-46.0";"3805"
"88685972268760";"1705499606875";"2805.0";"274.0";"148.0";"0.0";"797";"411";"10702";"-47.0";"3788"
"88685972268660";"1705499606839";"2804.0";"314.0";"148.0";"0.0";"790";"407";"10602";"-46.0";"3787"
"88685972268560";"1705499606675";"2770.0";"353.0";"148.0";"0.0";"782";"403";"10502";"-45.0";"3787"
"88685972268460";"1705499606577";"2770.0";"314.0";"148.0";"0.0";"773";"399";"10402";"-47.0";"3799"
"88685972268360";"1705499606531";"2779.0";"274.0";"148.0";"0.0";"765";"395";"10302";"-47.0";"3804"
"88685972268260";"1705499606375";"2787.0";"314.0";"148.0";"0.0";"758";"391";"10202";"-46.0";"3802"
"88685972268160";"1705499606275";"2803.0";"314.0";"148.0";"0.0";"750";"387";"10102";"-46.0";"3802"
"88685972268060";"1705499606175";"2806.0";"274.0";"148.0";"0.0";"742";"383";"10002";"-47.0";"3798"
"88685972267960";"1705499606075";"2826.0";"274.0";"148.0";"0.0";"735";"379";"9902";"-47.0";"3803"
"88685972267860";"1705499605975";"2833.0";"314.0";"111.0";"0.0";"728";"375";"9802";"-47.0";"3807"
"88685972267760";"1705499605875";"2866.0";"235.0";"111.0";"0.0";"720";"372";"9702";"-47.0";"3797"
"88685972267660";"1705499605814";"2876.0";"314.0";"148.0";"0.0";"714";"369";"9602";"-47.0";"3801"
"88685972267560";"1705499605675";"2864.0";"314.0";"148.0";"0.0";"706";"365";"9502";"-48.0";"3791"
"88685972267460";"1705499605610";"2863.0";"314.0";"148.0";"0.0";"698";"361";"9402";"-49.0";"3808"
"88685972267360";"1705499605465";"3797.0";"274.0";"148.0";"0.0";"690";"357";"9302";"-49.0";"2813"
"88685972267260";"1705499605375";"2769.0";"314.0";"148.0";"0.0";"683";"353";"9202";"-50.0";"3797"
"88685972267160";"1705499605309";"2715.0";"314.0";"148.0";"0.0";"675";"349";"9102";"-51.0";"3789"
"88685972267060";"1705499605302";"2704.0";"274.0";"148.0";"0.0";"667";"345";"9002";"-53.0";"3790"
"88685972266960";"1705499605079";"2723.0";"314.0";"148.0";"0.0";"660";"341";"8902";"-54.0";"3798"
"88685972266860";"1705499605001";"2721.0";"274.0";"148.0";"0.0";"652";"337";"8802";"-52.0";"3788"
"88685972266760";"1705499604995";"2693.0";"314.0";"111.0";"0.0";"645";"333";"8702";"-52.0";"3788"
"88685972266660";"1705499604779";"2712.0";"314.0";"148.0";"0.0";"637";"330";"8602";"-49.0";"3799"
"88685972266560";"1705499604695";"2750.0";"274.0";"111.0";"0.0";"629";"326";"8502";"-46.0";"3795"
"88685972266460";"1705499604687";"2782.0";"314.0";"148.0";"0.0";"622";"323";"8402";"-45.0";"3796"
"88685972266360";"1705499604476";"2848.0";"314.0";"148.0";"0.0";"614";"319";"8302";"-45.0";"3798"
"88685972266260";"1705499604387";"2985.0";"274.0";"148.0";"0.0";"606";"315";"8202";"-46.0";"3789"
"88685972266160";"1705499604380";"3141.0";"274.0";"148.0";"0.0";"599";"311";"8102";"-47.0";"3803"
"88685972266060";"1705499604182";"3201.0";"274.0";"148.0";"0.0";"592";"307";"8002";"-48.0";"3792"
"88685972265960";"1705499604176";"3231.0";"314.0";"148.0";"0.0";"585";"303";"7902";"-46.0";"3803"
"88685972265860";"1705499603985";"3239.0";"274.0";"148.0";"0.0";"577";"299";"7802";"-46.0";"3803"
"88685972265760";"1705499603978";"3239.0";"274.0";"148.0";"0.0";"570";"295";"7702";"-47.0";"3804"
"88685972265660";"1705499603971";"3231.0";"274.0";"111.0";"0.0";"563";"291";"7602";"-47.0";"3808"
"88685972265559";"1705499603674";"3221.0";"314.0";"148.0";"0.0";"556";"288";"7501";"-47.0";"3804"
"88685972265459";"1705499603574";"3224.0";"235.0";"111.0";"0.0";"548";"284";"7401";"-47.0";"3805"
"88685972265359";"1705499603475";"3222.0";"314.0";"148.0";"0.0";"542";"281";"7301";"-47.0";"3804"
"88685972265259";"1705499603375";"3216.0";"274.0";"148.0";"0.0";"534";"277";"7201";"-47.0";"3790"
"88685972265159";"1705499603277";"3219.0";"274.0";"148.0";"0.0";"527";"273";"7101";"-48.0";"3797"
"88685972265059";"1705499603177";"3208.0";"274.0";"148.0";"0.0";"520";"269";"7001";"-46.0";"3803"
"88685972264959";"1705499603151";"3227.0";"314.0";"148.0";"0.0";"513";"265";"6901";"-44.0";"3803"
"88685972264859";"1705499602974";"3241.0";"274.0";"148.0";"0.0";"505";"261";"6801";"-44.0";"3796"
"88685972264759";"1705499602874";"3238.0";"314.0";"148.0";"0.0";"498";"257";"6701";"-45.0";"3790"
"88685972264659";"1705499602774";"3242.0";"314.0";"148.0";"0.0";"490";"253";"6601";"-45.0";"3797"
"88685972264559";"1705499602674";"3225.0";"274.0";"148.0";"0.0";"482";"249";"6501";"-46.0";"3785"
"88685972264459";"1705499602575";"3247.0";"274.0";"148.0";"0.0";"475";"245";"6401";"-46.0";"3807"
"88685972264359";"1705499602475";"3225.0";"314.0";"148.0";"0.0";"468";"241";"6301";"-44.0";"3804"
"88685972264259";"1705499602376";"3233.0";"274.0";"148.0";"0.0";"460";"237";"6201";"-40.0";"3796"
"88685972264159";"1705499602332";"3241.0";"314.0";"148.0";"0.0";"453";"233";"6101";"-38.0";"3801"
"88685972264059";"1705499602175";"3239.0";"314.0";"148.0";"0.0";"445";"229";"6001";"-37.0";"3806"
"88685972263959";"1705499602075";"3241.0";"274.0";"148.0";"0.0";"437";"225";"5901";"-38.0";"3807"
"88685972263859";"1705499601974";"3249.0";"314.0";"148.0";"0.0";"430";"221";"5801";"-40.0";"3805"
"88685972263759";"1705499601874";"3253.0";"274.0";"148.0";"0.0";"422";"217";"5701";"-40.0";"3805"
"88685972263659";"1705499601774";"3256.0";"274.0";"148.0";"0.0";"415";"213";"5601";"-37.0";"3808"
"88685972263559";"1705499601674";"3263.0";"274.0";"111.0";"0.0";"408";"209";"5501";"-36.0";"3805"
"88685972263459";"1705499601615";"3786.0";"274.0";"111.0";"0.0";"401";"206";"5401";"-37.0";"3261"
"88685972263359";"1705499601468";"3262.0";"314.0";"74.0";"0.0";"394";"203";"5301";"-36.0";"3262"
"88685972263259";"1705499601374";"3250.0";"274.0";"148.0";"0.0";"386";"201";"5201";"-37.0";"3787"
"88685972263159";"1705499601282";"3232.0";"274.0";"148.0";"0.0";"379";"197";"5101";"-38.0";"3799"
"88685972263059";"1705499601174";"3226.0";"274.0";"148.0";"0.0";"372";"193";"5001";"-38.0";"3802"
"88685972262959";"1705499601075";"3216.0";"274.0";"148.0";"0.0";"365";"189";"4901";"-36.0";"3803"
"88685972262859";"1705499600975";"3214.0";"274.0";"148.0";"0.0";"358";"185";"4801";"-37.0";"3801"
"88685972262759";"1705499600898";"3204.0";"314.0";"148.0";"0.0";"351";"181";"4701";"-36.0";"3808"
"88685972262659";"1705499600774";"3196.0";"274.0";"148.0";"0.0";"343";"177";"4601";"-38.0";"3806"
"88685972262559";"1705499600675";"3203.0";"274.0";"148.0";"0.0";"336";"173";"4501";"-40.0";"3788"
"88685972262459";"1705499600592";"3187.0";"314.0";"148.0";"0.0";"329";"169";"4401";"-40.0";"3805"
"88685972262359";"1705499600474";"3196.0";"274.0";"148.0";"0.0";"321";"165";"4301";"-39.0";"3809"
"88685972262259";"1705499600387";"3197.0";"274.0";"148.0";"0.0";"314";"161";"4201";"-39.0";"3802"
"88685972262159";"1705499600273";"3208.0";"274.0";"111.0";"0.0";"307";"157";"4101";"-40.0";"3792"
"88685972262059";"1705499600174";"3211.0";"314.0";"111.0";"0.0";"300";"154";"4001";"-41.0";"3800"
"88685972261959";"1705499600074";"3208.0";"274.0";"74.0";"0.0";"292";"151";"3901";"-40.0";"3792"
"88685972261859";"1705499599987";"3206.0";"274.0";"148.0";"0.0";"285";"149";"3801";"-39.0";"3788"
"88685972261759";"1705499599977";"3214.0";"314.0";"148.0";"0.0";"278";"145";"3701";"-40.0";"3803"
"88685972261659";"1705499599774";"3220.0";"274.0";"148.0";"0.0";"270";"141";"3601";"-43.0";"3803"
"88685972261559";"1705499599681";"3220.0";"274.0";"148.0";"0.0";"263";"137";"3501";"-42.0";"3789"
"88685972261459";"1705499599670";"3219.0";"314.0";"148.0";"0.0";"256";"133";"3401";"-41.0";"3807"
"88685972261359";"1705499599478";"3807.0";"274.0";"148.0";"0.0";"248";"129";"3301";"-42.0";"3221"
"88685972261259";"1705499599472";"3214.0";"314.0";"148.0";"0.0";"241";"125";"3201";"-43.0";"3807"
"88685972261159";"1705499599464";"3237.0";"274.0";"148.0";"0.0";"233";"121";"3101";"-43.0";"3807"
"88685972261059";"1705499599174";"3235.0";"314.0";"148.0";"0.0";"226";"117";"3001";"-43.0";"3806"
"88685972260959";"1705499599074";"3247.0";"314.0";"148.0";"0.0";"218";"113";"2901";"-43.0";"3803"
"88685972260859";"1705499599063";"3232.0";"353.0";"148.0";"0.0";"210";"109";"2801";"-43.0";"3804"
"88685972260759";"1705499599056";"3230.0";"274.0";"148.0";"0.0";"201";"105";"2701";"-43.0";"3806"
"88685972260659";"1705499598773";"3229.0";"314.0";"148.0";"0.0";"194";"101";"2601";"-43.0";"3787"
"88685972260559";"1705499598680";"3217.0";"314.0";"148.0";"0.0";"186";"97";"2501";"-43.0";"3785"
"88685972260459";"1705499598646";"3221.0";"314.0";"148.0";"0.0";"178";"93";"2401";"-43.0";"3791"
"88685972260358";"1705499598474";"3214.0";"274.0";"148.0";"0.0";"170";"89";"2300";"-42.0";"3798"
"88685972260258";"1705499598375";"3221.0";"314.0";"148.0";"0.0";"163";"85";"2200";"-43.0";"3807"
"88685972260158";"1705499598339";"3218.0";"274.0";"148.0";"0.0";"155";"81";"2100";"-44.0";"3810"
"88685972260058";"1705499598164";"3786.0";"314.0";"148.0";"0.0";"148";"77";"2000";"-44.0";"3227"
"88685972259958";"1705499598066";"3229.0";"274.0";"148.0";"0.0";"140";"73";"1900";"-45.0";"3229"
"88685972259858";"1705499598031";"3233.0";"274.0";"148.0";"0.0";"133";"69";"1800";"-46.0";"3807"
"88685972259758";"1705499597874";"3238.0";"314.0";"148.0";"0.0";"126";"65";"1700";"-47.0";"3804"
"88685972259658";"1705499597774";"3237.0";"235.0";"148.0";"0.0";"118";"61";"1600";"-49.0";"3807"
"88685972259558";"1705499597731";"3798.0";"314.0";"148.0";"0.0";"112";"57";"1500";"-48.0";"3259"
"88685972259458";"1705499597724";"3250.0";"314.0";"74.0";"0.0";"104";"53";"1400";"-46.0";"3798"
"88685972259358";"1705499597474";"3271.0";"274.0";"148.0";"0.0";"96";"51";"1300";"-49.0";"3785"
"88685972259258";"1705499597424";"3283.0";"314.0";"148.0";"0.0";"89";"47";"1200";"-53.0";"3808"
"88685972259158";"1705499597417";"3268.0";"314.0";"148.0";"0.0";"81";"43";"1100";"-50.0";"3810"
"88685972259058";"1705499597174";"3272.0";"274.0";"148.0";"0.0";"73";"39";"1000";"-49.0";"3810"
"88685972258958";"1705499597074";"3269.0";"314.0";"148.0";"0.0";"66";"35";"900";"-50.0";"3801"
"88685972258858";"1705499596974";"3273.0";"274.0";"148.0";"0.0";"58";"31";"800";"-49.0";"3791"
"88685972258758";"1705499596880";"3257.0";"274.0";"148.0";"0.0";"51";"27";"700";"-48.0";"3794"
"88685972258658";"1705499596802";"3269.0";"314.0";"148.0";"0.0";"44";"23";"600";"-49.0";"3807"
"88685972258558";"1705499596673";"3248.0";"314.0";"148.0";"0.0";"36";"19";"500";"-49.0";"3789"
"88685972258458";"1705499596576";"3193.0";"274.0";"148.0";"0.0";"28";"15";"400";"-49.0";"3791"
"88685972258358";"1705499596495";"3174.0";"235.0";"111.0";"0.0";"21";"11";"300";"-49.0";"3791"
"88685972258258";"1705499596374";"3036.0";"314.0";"148.0";"0.0";"15";"8";"200";"-49.0";"3797"
"88685972258158";"1705499596291";"2927.0";"274.0";"148.0";"0.0";"7";"4";"100";"-48.0";"3811"
"88685972258058";"1705499596165";"3787.0";"314.0";"111.0";"1.0";"0";"0";"0";"-48.0";"2861"